kept_id,merged_id,rule,details
2026-icpr-improving-constraint-aware-decoding,2026-preprint-improving-constraint-aware-decoding,identity-key,same normalized identity
2026-cvpr-workshop-combining-boundary-supervision-segment-level,2026-preprint-combining-boundary-supervision-segment-level,identity-key,same normalized identity
2026-icra-m2r2-multimodal-robotic-representation,2025-preprint-m2r2-multimodal-robotic-representation,identity-key,same normalized identity
2024-bmvc-cost-sensitive-learning-long-tailed,2025-preprint-cost-sensitive-learning-long-tailed,identity-key,same normalized identity
2025-aaai-hierarchical-vector-quantization-unsupervised,2024-preprint-hierarchical-vector-quantization-unsupervised,identity-key,same normalized identity
2024-neurips-actfusion-unified-diffusion-model-anticipation,2024-preprint-actfusion-unified-diffusion-model-anticipation,identity-key,same normalized identity
2024-neurips-onlinetas-online-baseline,2024-preprint-onlinetas-online-baseline,identity-key,same normalized identity
2024-acm-mm-workshop-3d-pose-based-figure-skating,2024-preprint-3d-pose-based-figure-skating,identity-key,same normalized identity
2024-eccv-long-tail-group-wise-logit,2024-preprint-long-tail-group-wise-logit,identity-key,same normalized identity
2024-neurips-efficient-boundary-aware-query-voting,2024-preprint-efficient-boundary-aware-query-voting,identity-key,same normalized identity
2023-neurips-activity-grammars,2023-preprint-activity-grammars,identity-key,same normalized identity
2023-iccv-how-much-long-term-context,2023-preprint-how-much-long-term-context,identity-key,same normalized identity
2023-cvww-taec-unsupervised-aware-embedding-clustering,2023-preprint-taec-unsupervised-aware-embedding-clustering,identity-key,same normalized identity
2023-iske-streaming-real-time,2022-preprint-streaming-real-time,identity-key,same normalized identity
2022-eccv-unified-fully-timestamp-supervised-sequence,2022-preprint-unified-fully-timestamp-supervised-sequence,identity-key,same normalized identity
2022-eccv-generalized-robust-framework-timestamp-supervision,2022-preprint-generalized-robust-framework-timestamp-supervision,identity-key,same normalized identity
2022-eccv-leveraging-affinity-continuity-semi-supervised,2022-preprint-leveraging-affinity-continuity-semi-supervised,identity-key,same normalized identity
2022-icme-turning-teacher-timestamp-supervised,2022-preprint-turning-teacher-timestamp-supervised,identity-key,same normalized identity
2022-aaai-iterative-contrast-classify-semi-supervised,2021-preprint-iterative-contrast-classify-semi-supervised,identity-key,same normalized identity
2020-preprint-ms-tcn-multi-stage-convolutional,2019-preprint-ms-tcn-multi-stage-convolutional,identity-key,same normalized identity
2023-ijcai-hoi-aware-adaptive-network-weakly,2026-preprint-hoi-aware-adaptive-network-weakly,identity-key,same normalized identity
2026-icpr-deep-kernel-approximation-unsupervised,2026-preprint-deep-kernel-approximation-unsupervised,identity-key,same normalized identity
2025-iros-towards-open-world-human-using,2025-preprint-towards-open-world-human-using,identity-key,same normalized identity
2025-iros-multi-modal-graph-convolutional-network,2025-preprint-multi-modal-graph-convolutional-network,identity-key,same normalized identity
2025-cvpr-workshop-pose-aware-weakly-supervised,2025-preprint-pose-aware-weakly-supervised,identity-key,same normalized identity
2025-iccv-workshop-end-end-transformer,2025-preprint-end-end-transformer,identity-key,same normalized identity
2025-aaai-stitch-contrast-segment-learning-human,2024-preprint-stitch-contrast-segment-learning-human,identity-key,same normalized identity
2024-icra-using-2d-skeleton-heatmaps-multi,2023-preprint-using-2d-skeleton-heatmaps-multi,identity-key,same normalized identity
2024-wacv-permutation-aware-activity-unsupervised-frame,2023-preprint-permutation-aware-unsupervised-frame-segment,identity-key,same normalized identity
2023-cvpr-workshop-leveraging-triplet-loss-unsupervised,2023-preprint-leveraging-triplet-loss-unsupervised,identity-key,same normalized identity
2023-ijcai-timestamp-supervised-perspective-clustering,2022-preprint-timestamp-supervised-perspective-clustering,identity-key,same normalized identity
2022-bmvc-robust-timestamp-supervision,2022-preprint-robust-timestamp-supervision,identity-key,same normalized identity
2022-preprint-semantic2graph-graph-based-multi-modal,2022-preprint-semantic2graph-graph-based-multi-modal,identity-key,same normalized identity
2022-iros-timestamp-supervised-graph-convolutional-networks,2022-preprint-timestamp-supervised-graph-convolutional-networks,identity-key,same normalized identity
2021-bmvc-asformer-transformer,2021-preprint-asformer-transformer,identity-key,same normalized identity
2021-aaai-relational-modeling-self-supervision,2020-preprint-relational-modeling-self-supervision,identity-key,same normalized identity
2019-wacv-coupled-generative-adversarial-network-continuous,2019-preprint-coupled-generative-adversarial-network-continuous,identity-key,same normalized identity
2020-eccv-fast-weakly-supervised-using-mutual,2019-preprint-fast-weakly-supervised-using-mutual,identity-key,same normalized identity
2018-wacv-end-end-fine-grained-recognition,2018-preprint-end-end-fine-grained-recognition,identity-key,same normalized identity
2016-eccv-segmental-spatiotemporal-cnns-fine-grained,2016-preprint-segmental-spatiotemporal-cnns-fine-grained,identity-key,same normalized identity
2017-dicta-parsing-using-context-features,2022-preprint-parsing-using-context-features,identity-key,same normalized identity
2020-cvpr-intra-inter-understanding-parsing,2020-preprint-intra-inter-understanding-parsing,identity-key,same normalized identity
2026-preprint-atlas-annotation-tool-long-horizon,2026-preprint-atlas-annotation-tool-long-horizon,identity-key,same normalized identity
2026-preprint-adaptive-latent-trajectory-anchoring-dataset,2026-preprint-adaptive-latent-trajectory-anchoring-dataset,identity-key,same normalized identity
2026-preprint-boundary-centric-clip-budgeted-active,2026-preprint-boundary-centric-clip-budgeted-active,identity-key,same normalized identity
2026-preprint-data-efficient-surgical-phase-small,2026-preprint-data-efficient-surgical-phase-small,identity-key,same normalized identity
2026-preprint-ego-metas-egocentric-online-multimodal,2026-preprint-ego-metas-egocentric-online-multimodal,identity-key,same normalized identity
2026-preprint-exploring-vision-language-models-open,2026-preprint-exploring-vision-language-models-open,identity-key,same normalized identity
2026-preprint-fine-grained-renorrhaphy-robot-assisted,2026-preprint-fine-grained-renorrhaphy-robot-assisted,identity-key,same normalized identity
2026-preprint-impact-scribe-interactive-boundary-scribbles,2026-preprint-impact-scribe-interactive-boundary-scribbles,identity-key,same normalized identity
2026-preprint-learning-probabilistic-embeddings-unsupervised,2026-preprint-learning-probabilistic-embeddings-unsupervised,identity-key,same normalized identity
2026-preprint-point-supervised-skeleton-based-human,2026-preprint-point-supervised-skeleton-based-human,identity-key,same normalized identity
2026-preprint-unsupervised-skeleton-based-hierarchical-spatiotemporal,2026-preprint-unsupervised-skeleton-based-hierarchical-spatiotemporal,identity-key,same normalized identity
2025-preprint-dual-stream-alignment,2025-preprint-dual-stream-alignment,identity-key,same normalized identity
2025-preprint-hrtr-single-stage-transformer-fine,2025-preprint-hrtr-single-stage-transformer-fine,identity-key,same normalized identity
2025-preprint-improving-explicit-similarity-measurement,2025-preprint-improving-explicit-similarity-measurement,identity-key,same normalized identity
2025-preprint-multi-stage-boundary-aware-transformer,2025-preprint-multi-stage-boundary-aware-transformer,identity-key,same normalized identity
2025-preprint-text-derived-relational-graph-enhanced,2025-preprint-text-derived-relational-graph-enhanced,identity-key,same normalized identity
2025-preprint-towards-generalizing-unseen-views,2025-preprint-towards-generalizing-unseen-views,identity-key,same normalized identity
2025-preprint-vifss-view-invariant-figure-skating,2025-preprint-vifss-view-invariant-figure-skating,identity-key,same normalized identity
2024-preprint-2by2-weakly-supervised-learning-global,2024-preprint-2by2-weakly-supervised-learning-global,identity-key,same normalized identity
2024-preprint-study-animal-algorithms-across-supervised,2024-preprint-study-animal-algorithms-across-supervised,identity-key,same normalized identity
2024-preprint-faster-diffusion,2024-preprint-faster-diffusion,identity-key,same normalized identity
2024-preprint-friends-across-time-multi-scale,2024-preprint-friends-across-time-multi-scale,identity-key,same normalized identity
2024-preprint-language-assisted-human-part-motion,2024-preprint-language-assisted-human-part-motion,identity-key,same normalized identity
2024-preprint-o-talc-steps-towards-combating,2024-preprint-o-talc-steps-towards-combating,identity-key,same normalized identity
2023-preprint-decoupled-spatio-framework-skeleton-based,2023-preprint-decoupled-spatio-framework-skeleton-based,identity-key,same normalized identity
2023-preprint-bit-bi-level-modeling-efficient,2023-preprint-bit-bi-level-modeling-efficient,identity-key,same normalized identity
2023-preprint-casr-refining-marginalizing-frame-levle,2023-preprint-casr-refining-marginalizing-frame-levle,identity-key,same normalized identity
2023-preprint-dir-as-decoupling-individual-identification,2023-preprint-dir-as-decoupling-individual-identification,identity-key,same normalized identity
2023-preprint-dpmix-mixture-depth-point-cloud,2023-preprint-dpmix-mixture-depth-point-cloud,identity-key,same normalized identity
2023-preprint-end-end-streaming-reinforce-learning,2023-preprint-end-end-streaming-reinforce-learning,identity-key,same normalized identity
2023-preprint-enhancing-transformer-backbone-egocentric,2023-preprint-enhancing-transformer-backbone-egocentric,identity-key,same normalized identity
2023-preprint-ms-tcrnet-multi-stage-convolutional,2023-preprint-ms-tcrnet-multi-stage-convolutional,identity-key,same normalized identity
2023-preprint-prompt-enhanced-hierarchical-transformer-elevating,2023-preprint-prompt-enhanced-hierarchical-transformer-elevating,identity-key,same normalized identity
2023-preprint-sfgans-self-supervised-future-generator,2023-preprint-sfgans-self-supervised-future-generator,identity-key,same normalized identity
2023-preprint-smc-nca-semantic-guided-multi,2023-preprint-smc-nca-semantic-guided-multi,identity-key,same normalized identity
2023-preprint-sigformer-sparse-signal-guided-transformer,2023-preprint-sigformer-sparse-signal-guided-transformer,identity-key,same normalized identity
2023-preprint-synchronization-is-all-you-need,2023-preprint-synchronization-is-all-you-need,identity-key,same normalized identity
2023-preprint-segment-transformer,2023-preprint-segment-transformer,identity-key,same normalized identity
2022-preprint-efficient-framework-few-shot-skeleton,2022-preprint-efficient-framework-few-shot-skeleton,identity-key,same normalized identity
2022-preprint-c2f-tcn-framework-semi-fully,2022-preprint-c2f-tcn-framework-semi-fully,identity-key,same normalized identity
2022-preprint-cross-enhancement-transformer,2022-preprint-cross-enhancement-transformer,identity-key,same normalized identity
2022-preprint-distill-collect-semi-supervised,2022-preprint-distill-collect-semi-supervised,identity-key,same normalized identity
2022-preprint-do-we-really-need-convolutions,2022-preprint-do-we-really-need-convolutions,identity-key,same normalized identity
2022-preprint-hand-guided-high-resolution-feature,2022-preprint-hand-guided-high-resolution-feature,identity-key,same normalized identity
2022-preprint-semantic2graph-graph-based-multi-modal,2022-preprint-semantic2graph-graph-based-multi-modal,identity-key,same normalized identity
2022-preprint-skeleton-based-multi-stage-spatial,2022-preprint-skeleton-based-multi-stage-spatial,identity-key,same normalized identity
2022-preprint-analysis-modern-techniques,2022-preprint-analysis-modern-techniques,identity-key,same normalized identity
2022-preprint-transformers-weakly-supervised,2022-preprint-transformers-weakly-supervised,identity-key,same normalized identity
2021-preprint-fifa-fast-inference-approximation,2021-preprint-fifa-fast-inference-approximation,identity-key,same normalized identity
2021-preprint-high-level-complex-activity-labels,2021-preprint-high-level-complex-activity-labels,identity-key,same normalized identity
2021-preprint-unsupervised-instructional-videos,2021-preprint-unsupervised-instructional-videos,identity-key,same normalized identity
2020-preprint-hierarchical-attention-network,2020-preprint-hierarchical-attention-network,identity-key,same normalized identity
2020-preprint-evaluating-weakly-supervised-methods,2020-preprint-evaluating-weakly-supervised-methods,identity-key,same normalized identity
2019-preprint-hybrid-rnn-hmm-approach-weakly,2019-preprint-hybrid-rnn-hmm-approach-weakly,identity-key,same normalized identity
2019-preprint-fine-grained-using-semi-supervised,2019-preprint-fine-grained-using-semi-supervised,identity-key,same normalized identity
2019-preprint-frontal-low-rank-random-tensors,2019-preprint-frontal-low-rank-random-tensors,identity-key,same normalized identity
2018-preprint-local-bilinear-pooling-fine-grained,2018-preprint-local-bilinear-pooling-fine-grained,identity-key,same normalized identity
2018-preprint-human-dynamic-clustering,2018-preprint-human-dynamic-clustering,identity-key,same normalized identity
2017-preprint-tricornet-hybrid-convolutional-recurrent-network,2017-preprint-tricornet-hybrid-convolutional-recurrent-network,identity-key,same normalized identity
2026-cvpr-hierarchical-learning-weakly-supervised,2026-preprint-hierarchical-learning-weakly-supervised,formal-over-preprint,same normalized identity
2026-cvpr-lady-lagrangian-dynamic-informed-network,2026-preprint-lady-lagrangian-dynamic-informed-network,formal-over-preprint,same normalized identity
2026-cvpr-polyphony-diffusion-based-dual-hand,2026-preprint-polyphony-diffusion-based-dual-hand,formal-over-preprint,same normalized identity
2026-cvpr-spectral-scalpel-amplifying-adjacent-discrepancy,2026-preprint-spectral-scalpel-amplifying-adjacent-discrepancy,formal-over-preprint,same normalized identity
2026-cvpr-workshop-combining-boundary-supervision-segment-level,2026-cvpr-workshop-combining-boundary-supervision-segment-level,identity-key,same normalized identity
2026-icpr-deep-kernel-approximation-unsupervised,2026-icpr-deep-kernel-approximation-unsupervised,identity-key,same normalized identity
2026-icpr-improving-constraint-aware-decoding,2026-icpr-improving-constraint-aware-decoding,identity-key,same normalized identity
2026-icra-m2r2-multimodal-robotic-representation,2026-icra-m2r2-multimodal-robotic-representation,identity-key,same normalized identity
2026-preprint-text-augmented-optimal-transport-unsupervised,2026-preprint-text-augmented-optimal-transport-unsupervised,identity-key,same normalized identity
2026-wacv-learning-hierarchies-hybrid-geometric-diffusion,2026-wacv-learning-hierarchies-hybrid-geometric-diffusion,identity-key,same normalized identity
2025-aaai-hierarchical-vector-quantization-unsupervised,2025-aaai-hierarchical-vector-quantization-unsupervised,identity-key,same normalized identity
2025-aaai-stitch-contrast-segment-learning-human,2025-aaai-stitch-contrast-segment-learning-human,identity-key,same normalized identity
2025-cvpr-condensing-datasets-generative-network-inversion,2025-preprint-condensing-datasets-generative-network-inversion,formal-over-preprint,same normalized identity
2025-cvpr-workshop-pose-aware-weakly-supervised,2025-cvpr-workshop-pose-aware-weakly-supervised,identity-key,same normalized identity
2025-iccv-clot-closed-loop-optimal-transport,2025-preprint-clot-closed-loop-optimal-transport,formal-over-preprint,same normalized identity
2025-iccv-duoclr-dual-surrogate-contrastive-learning,2025-preprint-duoclr-dual-surrogate-contrastive-learning,formal-over-preprint,same normalized identity
2025-iccv-joint-self-supervised-alignment,2025-preprint-joint-self-supervised-alignment,formal-over-preprint,same normalized identity
2025-iccv-skeleton-motion-words-unsupervised-skeleton,2025-preprint-skeleton-motion-words-unsupervised-skeleton,formal-over-preprint,same normalized identity
2025-iccv-workshop-end-end-transformer,2025-iccv-workshop-end-end-transformer,identity-key,same normalized identity
2025-iros-multi-modal-graph-convolutional-network,2025-iros-multi-modal-graph-convolutional-network,identity-key,same normalized identity
2025-iros-towards-open-world-human-using,2025-iros-towards-open-world-human-using,identity-key,same normalized identity
2024-acm-mm-workshop-3d-pose-based-figure-skating,2024-acm-mm-workshop-3d-pose-based-figure-skating,identity-key,same normalized identity
2024-bmvc-cost-sensitive-learning-long-tailed,2024-bmvc-cost-sensitive-learning-long-tailed,identity-key,same normalized identity
2024-cvpr-coherent-synthesis-incremental,2024-preprint-coherent-synthesis-incremental,formal-over-preprint,same normalized identity
2024-cvpr-efficient-effective-weakly-supervised-transition,2024-preprint-efficient-effective-weakly-supervised-transition,formal-over-preprint,same normalized identity
2024-cvpr-temporally-consistent-unbalanced-optimal-transport,2024-preprint-temporally-consistent-unbalanced-optimal-transport,formal-over-preprint,same normalized identity
2024-eccv-language-assisted-skeleton-understanding-skeleton,2024-eccv-language-assisted-skeleton-understanding-skeleton,identity-key,same normalized identity
2024-eccv-long-tail-group-wise-logit,2024-eccv-long-tail-group-wise-logit,identity-key,same normalized identity
2024-icra-using-2d-skeleton-heatmaps-multi,2024-icra-using-2d-skeleton-heatmaps-multi,identity-key,same normalized identity
2024-neurips-actfusion-unified-diffusion-model-anticipation,2024-neurips-actfusion-unified-diffusion-model-anticipation,identity-key,same normalized identity
2024-neurips-efficient-boundary-aware-query-voting,2024-neurips-efficient-boundary-aware-query-voting,identity-key,same normalized identity
2024-neurips-onlinetas-online-baseline,2024-neurips-onlinetas-online-baseline,identity-key,same normalized identity
2024-wacv-otas-unsupervised-boundary-detection-object,2023-preprint-otas-unsupervised-boundary-detection-object,formal-over-preprint,same normalized identity
2024-wacv-permutation-aware-activity-unsupervised-frame,2024-wacv-permutation-aware-activity-unsupervised-frame,identity-key,same normalized identity
2023-cvpr-workshop-leveraging-triplet-loss-unsupervised,2023-cvpr-workshop-leveraging-triplet-loss-unsupervised,identity-key,same normalized identity
2023-cvww-taec-unsupervised-aware-embedding-clustering,2023-cvww-taec-unsupervised-aware-embedding-clustering,identity-key,same normalized identity
2023-iccv-diffusion,2023-preprint-diffusion,formal-over-preprint,same normalized identity
2023-iccv-how-much-long-term-context,2023-iccv-how-much-long-term-context,identity-key,same normalized identity
2023-iccv-lac-latent-composition-skeleton-based,2023-preprint-lac-latent-composition-skeleton-based,formal-over-preprint,same normalized identity
2023-ijcai-hoi-aware-adaptive-network-weakly,2023-ijcai-hoi-aware-adaptive-network-weakly,identity-key,same normalized identity
2023-ijcai-timestamp-supervised-perspective-clustering,2023-ijcai-timestamp-supervised-perspective-clustering,identity-key,same normalized identity
2023-iske-streaming-real-time,2023-iske-streaming-real-time,identity-key,same normalized identity
2023-neurips-activity-grammars,2023-neurips-activity-grammars,identity-key,same normalized identity
2022-aaai-iterative-contrast-classify-semi-supervised,2022-aaai-iterative-contrast-classify-semi-supervised,identity-key,same normalized identity
2022-bmvc-robust-timestamp-supervision,2022-bmvc-robust-timestamp-supervision,identity-key,same normalized identity
2022-cvpr-unsupervised-by-joint-representation-learning,2021-preprint-unsupervised-by-joint-representation-learning,formal-over-preprint,same normalized identity
2022-cvpr-weakly-supervised-online-multi-view,2022-preprint-weakly-supervised-online-multi-view,formal-over-preprint,same normalized identity
2022-eccv-generalized-robust-framework-timestamp-supervision,2022-eccv-generalized-robust-framework-timestamp-supervision,identity-key,same normalized identity
2022-eccv-leveraging-affinity-continuity-semi-supervised,2022-eccv-leveraging-affinity-continuity-semi-supervised,identity-key,same normalized identity
2022-eccv-my-view-is-best-view,2022-eccv-my-view-is-best-view,identity-key,same normalized identity
2022-eccv-unified-fully-timestamp-supervised-sequence,2022-eccv-unified-fully-timestamp-supervised-sequence,identity-key,same normalized identity
2022-icme-turning-teacher-timestamp-supervised,2022-icme-turning-teacher-timestamp-supervised,identity-key,same normalized identity
2022-ijcai-uncertainty-aware-representation-learning,2022-ijcai-uncertainty-aware-representation-learning,identity-key,same normalized identity
2022-iros-timestamp-supervised-graph-convolutional-networks,2022-iros-timestamp-supervised-graph-convolutional-networks,identity-key,same normalized identity
2022-neurips-don-t-pour-cereal-into,2022-neurips-don-t-pour-cereal-into,identity-key,same normalized identity
2022-wacv-hierarchical-modeling-task-recognition-weakly,2021-preprint-hierarchical-modeling-task-recognition-weakly,formal-over-preprint,same normalized identity
2022-wacv-sscap-self-supervised-co-occurrence,2021-preprint-sscap-self-supervised-co-occurrence,formal-over-preprint,same normalized identity
2021-aaai-relational-modeling-self-supervision,2021-aaai-relational-modeling-self-supervision,identity-key,same normalized identity
2021-bmvc-asformer-transformer,2021-bmvc-asformer-transformer,identity-key,same normalized identity
2021-cvpr-shuffle-alternating-learning-unsupervised,2021-preprint-shuffle-alternating-learning-unsupervised,formal-over-preprint,same normalized identity
2021-cvpr-anchor-constrained-viterbi-set-supervised,2021-preprint-anchor-constrained-viterbi-set-supervised,formal-over-preprint,same normalized identity
2021-cvpr-global2local-efficient-structure-search,2021-preprint-global2local-efficient-structure-search,formal-over-preprint,same normalized identity
2021-cvpr-timestamp-supervision,2021-preprint-timestamp-supervision,formal-over-preprint,same normalized identity
2021-cvpr-temporally-weighted-hierarchical-clustering-unsupervised,2021-preprint-temporally-weighted-hierarchical-clustering-unsupervised,formal-over-preprint,same normalized identity
2021-preprint-coarse-fine-multi-resolution-convolutional,2021-preprint-coarse-fine-multi-resolution-convolutional,identity-key,same normalized identity
2020-cvpr-joint-self-supervised-domain-adaptation,2020-preprint-joint-self-supervised-domain-adaptation,formal-over-preprint,same normalized identity
2020-cvpr-intra-inter-understanding-parsing,2020-cvpr-intra-inter-understanding-parsing,identity-key,same normalized identity
2020-cvpr-sct-set-constrained-transformer-set,2020-preprint-sct-set-constrained-transformer-set,formal-over-preprint,same normalized identity
2020-cvpr-set-constrained-viterbi-set-supervised,2020-preprint-set-constrained-viterbi-set-supervised,formal-over-preprint,same normalized identity
2020-eccv-boundary-aware-cascade-networks,2020-eccv-boundary-aware-cascade-networks,identity-key,same normalized identity
2020-eccv-fast-weakly-supervised-using-mutual,2020-eccv-fast-weakly-supervised-using-mutual,identity-key,same normalized identity
2020-eccv-aggregate-representations-long-range-understanding,2020-eccv-aggregate-representations-long-range-understanding,identity-key,same normalized identity
2020-miccai-tecno-surgical-phase-recognition-multi,2020-miccai-tecno-surgical-phase-recognition-multi,identity-key,same normalized identity
2020-wacv-mixed-domain-adaptation,2021-preprint-mixed-domain-adaptation,formal-over-preprint,same normalized identity
2020-wacv-stacked-spatio-graph-convolutional-networks,2018-preprint-stacked-spatio-graph-convolutional-networks,formal-over-preprint,same normalized identity
2019-cvpr-ms-tcn-multi-stage-convolutional,2020-preprint-ms-tcn-multi-stage-convolutional,formal-over-preprint,same normalized identity
2019-iccv-weakly-supervised-energy-based-learning,2019-preprint-weakly-supervised-energy-based-learning,formal-over-preprint,same normalized identity
2019-wacv-coupled-generative-adversarial-network-continuous,2019-wacv-coupled-generative-adversarial-network-continuous,identity-key,same normalized identity
2018-cvpr-sets-weakly-supervised-without-ordering,2017-preprint-sets-weakly-supervised-without-ordering,formal-over-preprint,same normalized identity
2018-cvpr-weakly-supervised-iterative-soft-boundary,2018-preprint-weakly-supervised-iterative-soft-boundary,formal-over-preprint,same normalized identity
2018-wacv-end-end-fine-grained-recognition,2018-wacv-end-end-fine-grained-recognition,identity-key,same normalized identity
2017-cvpr-convolutional-networks-detection,2016-preprint-convolutional-networks-detection,formal-over-preprint,same normalized identity
2017-dicta-parsing-using-context-features,2017-dicta-parsing-using-context-features,identity-key,same normalized identity
2016-eccv-connectionist-modeling-weakly-supervised-labeling,2016-eccv-connectionist-modeling-weakly-supervised-labeling,identity-key,same normalized identity
2016-eccv-segmental-spatiotemporal-cnns-fine-grained,2016-eccv-segmental-spatiotemporal-cnns-fine-grained,identity-key,same normalized identity
